region;peat_type;tree_type;year;basal_area
south;1;pine;1990;2.36552267266136
south;1;spruce;1990;7.33442867981808
south;1;deciduous;1990;7.69481294752473
south;2;pine;1990;4.42071212877803
south;2;spruce;1990;8.31788053547582
south;2;deciduous;1990;6.15634901524037
south;4;pine;1990;9.25675161381921
south;4;spruce;1990;1.24025544904017
south;4;deciduous;1990;3.04668072695932
south;6;pine;1990;7.49567904261912
south;6;spruce;1990;0.100731824242095
south;6;deciduous;1990;0.662006064314105
south;7;pine;1990;4.62201434744861
south;7;spruce;1990;0.0394818729526929
south;7;deciduous;1990;0.177311824410133
north;1;pine;1990;2.43128621053073
north;1;spruce;1990;2.17514160266794
north;1;deciduous;1990;8.39854658931887
north;2;pine;1990;3.53418725369903
north;2;spruce;1990;2.83980500972291
north;2;deciduous;1990;5.74580914613941
north;4;pine;1990;6.04441696731095
north;4;spruce;1990;0.606861644663304
north;4;deciduous;1990;2.10963633146899
north;6;pine;1990;5.15777574543392
north;6;spruce;1990;0.184766916344506
north;6;deciduous;1990;0.391676610968311
north;7;pine;1990;5.58062834030648
north;7;spruce;1990;0.371230402010518
north;7;deciduous;1990;0.246182077648754
south;1;pine;1991;2.3416533855847
south;1;spruce;1991;7.45313381824131
south;1;deciduous;1991;7.75739525176615
south;2;pine;1991;4.61116217742938
south;2;spruce;1991;8.18337367266983
south;2;deciduous;1991;6.15546437142676
south;4;pine;1991;9.44555834192162
south;4;spruce;1991;1.26686615099
south;4;deciduous;1991;3.11101163454948
south;6;pine;1991;7.71908073041104
south;6;spruce;1991;0.100181007280211
south;6;deciduous;1991;0.677749905864451
south;7;pine;1991;4.58838750974429
south;7;spruce;1991;0.0345466388336063
south;7;deciduous;1991;0.160537871594794
north;1;pine;1991;2.37842396147921
north;1;spruce;1991;2.29352954896294
north;1;deciduous;1991;8.54641139485665
north;2;pine;1991;3.70928854653579
north;2;spruce;1991;2.94995155153643
north;2;deciduous;1991;5.81973196504345
north;4;pine;1991;6.24964941074626
north;4;spruce;1991;0.636030659497685
north;4;deciduous;1991;2.1454871742328
north;6;pine;1991;5.27038359683741
north;6;spruce;1991;0.179153938926664
north;6;deciduous;1991;0.422457476784579
north;7;pine;1991;5.33567428141669
north;7;spruce;1991;0.340294535176312
north;7;deciduous;1991;0.225666904511357
south;1;pine;1992;2.31778409850804
south;1;spruce;1992;7.57183895666455
south;1;deciduous;1992;7.81997755600758
south;2;pine;1992;4.80161222608072
south;2;spruce;1992;8.04886680986385
south;2;deciduous;1992;6.15457972761314
south;4;pine;1992;9.63436507002402
south;4;spruce;1992;1.29347685293983
south;4;deciduous;1992;3.17534254213964
south;6;pine;1992;7.94248241820296
south;6;spruce;1992;0.0996301903183277
south;6;deciduous;1992;0.693493747414798
south;7;pine;1992;4.55476067203998
south;7;spruce;1992;0.0296114047145197
south;7;deciduous;1992;0.143763918779454
north;1;pine;1992;2.32556171242771
north;1;spruce;1992;2.41191749525791
north;1;deciduous;1992;8.69427620039437
north;2;pine;1992;3.88438983937255
north;2;spruce;1992;3.06009809334992
north;2;deciduous;1992;5.89365478394751
north;4;pine;1992;6.45488185418162
north;4;spruce;1992;0.665199674332058
north;4;deciduous;1992;2.18133801699661
north;6;pine;1992;5.38299144824086
north;6;spruce;1992;0.173540961508824
north;6;deciduous;1992;0.453238342600855
north;7;pine;1992;5.09072022252704
north;7;spruce;1992;0.309358668342109
north;7;deciduous;1992;0.205151731373968
south;1;pine;1993;2.29391481143139
south;1;spruce;1993;7.69054409508779
south;1;deciduous;1993;7.88255986024901
south;2;pine;1993;4.99206227473207
south;2;spruce;1993;7.91435994705787
south;2;deciduous;1993;6.15369508379953
south;4;pine;1993;9.82317179812643
south;4;spruce;1993;1.32008755488966
south;4;deciduous;1993;3.23967344972981
south;6;pine;1993;8.16588410599488
south;6;spruce;1993;0.0990793733564441
south;6;deciduous;1993;0.709237588965145
south;7;pine;1993;4.52113383433566
south;7;spruce;1993;0.0246761705954331
south;7;deciduous;1993;0.126989965964115
north;1;pine;1993;2.27269946337626
north;1;spruce;1993;2.53030544155272
north;1;deciduous;1993;8.84214100593196
north;2;pine;1993;4.05949113220906
north;2;spruce;1993;3.1702446351633
north;2;deciduous;1993;5.96757760285145
north;4;pine;1993;6.6601142976167
north;4;spruce;1993;0.6943686891664
north;4;deciduous;1993;2.21718885976036
north;6;pine;1993;5.49559929964418
north;6;spruce;1993;0.167927984090988
north;6;deciduous;1993;0.484019208417089
north;7;pine;1993;4.84576616363727
north;7;spruce;1993;0.278422801507898
north;7;deciduous;1993;0.184636558236571
south;1;pine;1994;2.27004552435473
south;1;spruce;1994;7.80924923351102
south;1;deciduous;1994;7.94514216449043
south;2;pine;1994;5.18251232338342
south;2;spruce;1994;7.77985308425188
south;2;deciduous;1994;6.15281043998592
south;4;pine;1994;10.0119785262288
south;4;spruce;1994;1.34669825683949
south;4;deciduous;1994;3.30400435731997
south;6;pine;1994;8.3892857937868
south;6;spruce;1994;0.0985285563945605
south;6;deciduous;1994;0.724981430515492
south;7;pine;1994;4.48750699663135
south;7;spruce;1994;0.0197409364763465
south;7;deciduous;1994;0.110216013148775
north;1;pine;1994;2.21983721432475
north;1;spruce;1994;2.64869338784772
north;1;deciduous;1994;8.99000581146975
north;2;pine;1994;4.23459242504584
north;2;spruce;1994;3.28039117697684
north;2;deciduous;1994;6.04150042175551
north;4;pine;1994;6.86534674105208
north;4;spruce;1994;0.72353770400078
north;4;deciduous;1994;2.25303970252417
north;6;pine;1994;5.60820715104766
north;6;spruce;1994;0.162315006673146
north;6;deciduous;1994;0.514800074233366
north;7;pine;1994;4.60081210474749
north;7;spruce;1994;0.247486934673687
north;7;deciduous;1994;0.164121385099175
south;1;pine;1995;2.24617623727808
south;1;spruce;1995;7.92795437193426
south;1;deciduous;1995;8.00772446873186
south;2;pine;1995;5.37296237203477
south;2;spruce;1995;7.6453462214459
south;2;deciduous;1995;6.15192579617231
south;4;pine;1995;10.2007852543312
south;4;spruce;1995;1.37330895878932
south;4;deciduous;1995;3.36833526491013
south;6;pine;1995;8.61268748157871
south;6;spruce;1995;0.0979777394326769
south;6;deciduous;1995;0.740725272065838
south;7;pine;1995;4.45388015892703
south;7;spruce;1995;0.0148057023572598
south;7;deciduous;1995;0.0934420603334357
north;1;pine;1995;2.16697496527324
north;1;spruce;1995;2.76708133414272
north;1;deciduous;1995;9.13787061700753
north;2;pine;1995;4.40969371788262
north;2;spruce;1995;3.39053771879037
north;2;deciduous;1995;6.11542324065957
north;4;pine;1995;7.07057918448746
north;4;spruce;1995;0.75270671883516
north;4;deciduous;1995;2.28889054528798
north;6;pine;1995;5.72081500245114
north;6;spruce;1995;0.156702029255303
north;6;deciduous;1995;0.545580940049643
north;7;pine;1995;4.35585804585772
north;7;spruce;1995;0.216551067839476
north;7;deciduous;1995;0.143606211961778
south;1;pine;1996;2.22230695020142
south;1;spruce;1996;8.04665951035749
south;1;deciduous;1996;8.07030677297328
south;2;pine;1996;5.56341242068611
south;2;spruce;1996;7.51083935863992
south;2;deciduous;1996;6.15104115235869
south;4;pine;1996;10.3895919824336
south;4;spruce;1996;1.39991966073915
south;4;deciduous;1996;3.43266617250029
south;6;pine;1996;8.83608916937063
south;6;spruce;1996;0.0974269224707933
south;6;deciduous;1996;0.756469113616185
south;7;pine;1996;4.42025332122272
south;7;spruce;1996;0.00987046823817322
south;7;deciduous;1996;0.0766681075180961
north;1;pine;1996;2.11411271622172
north;1;spruce;1996;2.88546928043772
north;1;deciduous;1996;9.28573542254531
north;2;pine;1996;4.58479501071939
north;2;spruce;1996;3.5006842606039
north;2;deciduous;1996;6.18934605956363
north;4;pine;1996;7.27581162792284
north;4;spruce;1996;0.781875733669541
north;4;deciduous;1996;2.32474138805179
north;6;pine;1996;5.83342285385463
north;6;spruce;1996;0.15108905183746
north;6;deciduous;1996;0.57636180586592
north;7;pine;1996;4.11090398696794
north;7;spruce;1996;0.185615201005265
north;7;deciduous;1996;0.123091038824381
south;1;pine;1997;2.19843766312477
south;1;spruce;1997;8.16536464878073
south;1;deciduous;1997;8.13288907721471
south;2;pine;1997;5.75386246933746
south;2;spruce;1997;7.37633249583393
south;2;deciduous;1997;6.15015650854508
south;4;pine;1997;10.578398710536
south;4;spruce;1997;1.42653036268898
south;4;deciduous;1997;3.49699708009046
south;6;pine;1997;9.05949085716255
south;6;spruce;1997;0.0968761055089098
south;6;deciduous;1997;0.772212955166532
south;7;pine;1997;4.3866264835184
south;7;spruce;1997;0.00493523411908662
south;7;deciduous;1997;0.0598941547027567
north;1;pine;1997;2.06125046717021
north;1;spruce;1997;3.00385722673272
north;1;deciduous;1997;9.4336002280831
north;2;pine;1997;4.75989630355617
north;2;spruce;1997;3.61083080241743
north;2;deciduous;1997;6.26326887846769
north;4;pine;1997;7.48104407135823
north;4;spruce;1997;0.811044748503921
north;4;deciduous;1997;2.3605922308156
north;6;pine;1997;5.94603070525811
north;6;spruce;1997;0.145476074419618
north;6;deciduous;1997;0.607142671682197
north;7;pine;1997;3.86594992807817
north;7;spruce;1997;0.154679334171054
north;7;deciduous;1997;0.102575865686984
south;1;pine;1998;2.17456837604811
south;1;spruce;1998;8.28406978720397
south;1;deciduous;1998;8.19547138145613
south;2;pine;1998;5.94431251798881
south;2;spruce;1998;7.24182563302795
south;2;deciduous;1998;6.14927186473147
south;4;pine;1998;10.7672054386384
south;4;spruce;1998;1.45314106463881
south;4;deciduous;1998;3.56132798768062
south;6;pine;1998;9.28289254495447
south;6;spruce;1998;0.0963252885470262
south;6;deciduous;1998;0.787956796716879
south;7;pine;1998;4.35299964581408
south;7;spruce;1998;0
south;7;deciduous;1998;0.0431202018874172
north;1;pine;1998;2.0083882181187
north;1;spruce;1998;3.12224517302772
north;1;deciduous;1998;9.58146503362088
north;2;pine;1998;4.93499759639294
north;2;spruce;1998;3.72097734423097
north;2;deciduous;1998;6.33719169737176
north;4;pine;1998;7.68627651479361
north;4;spruce;1998;0.840213763338302
north;4;deciduous;1998;2.39644307357941
north;6;pine;1998;6.0586385566616
north;6;spruce;1998;0.139863097001775
north;6;deciduous;1998;0.637923537498474
north;7;pine;1998;3.62099586918839
north;7;spruce;1998;0.123743467336844
north;7;deciduous;1998;0.0820606925495873
south;1;pine;1999;2.26270361434621
south;1;spruce;1999;8.18710392264085
south;1;deciduous;1999;8.28050663200807
south;2;pine;1999;6.03988397627693
south;2;spruce;1999;7.26082527463835
south;2;deciduous;1999;6.13680163624912
south;4;pine;1999;10.9374931024957
south;4;spruce;1999;1.44461454658483
south;4;deciduous;1999;3.54476744415098
south;6;pine;1999;9.48257791685254
south;6;spruce;1999;0.106576393179057
south;6;deciduous;1999;0.804148216011269
south;7;pine;1999;4.42473273986479
south;7;spruce;1999;0
south;7;deciduous;1999;0.0758208318491084
north;1;pine;1999;1.95552596906718
north;1;spruce;1999;3.24063311932272
north;1;deciduous;1999;9.72932983915867
north;2;pine;1999;5.11009888922972
north;2;spruce;1999;3.8311238860445
north;2;deciduous;1999;6.41111451627582
north;4;pine;1999;7.89150895822899
north;4;spruce;1999;0.869382778172682
north;4;deciduous;1999;2.43229391634322
north;6;pine;1999;6.17124640806508
north;6;spruce;1999;0.134250119583933
north;6;deciduous;1999;0.66870440331475
north;7;pine;1999;3.37604181029862
north;7;spruce;1999;0.0928076005026327
north;7;deciduous;1999;0.0615455194121905
south;1;pine;2000;2.35083885264431
south;1;spruce;2000;8.09013805807774
south;1;deciduous;2000;8.36554188256
south;2;pine;2000;6.13545543456504
south;2;spruce;2000;7.27982491624874
south;2;deciduous;2000;6.12433140776677
south;4;pine;2000;11.1077807663529
south;4;spruce;2000;1.43608802853085
south;4;deciduous;2000;3.52820690062134
south;6;pine;2000;9.68226328875061
south;6;spruce;2000;0.116827497811088
south;6;deciduous;2000;0.820339635305658
south;7;pine;2000;4.49646583391549
south;7;spruce;2000;0
south;7;deciduous;2000;0.1085214618108
north;1;pine;2000;1.90266372001567
north;1;spruce;2000;3.35902106561771
north;1;deciduous;2000;9.87719464469645
north;2;pine;2000;5.2852001820665
north;2;spruce;2000;3.94127042785803
north;2;deciduous;2000;6.48503733517988
north;4;pine;2000;8.09674140166438
north;4;spruce;2000;0.898551793007063
north;4;deciduous;2000;2.46814475910703
north;6;pine;2000;6.28385425946856
north;6;spruce;2000;0.12863714216609
north;6;deciduous;2000;0.699485269131027
north;7;pine;2000;3.13108775140884
north;7;spruce;2000;0.0618717336684218
north;7;deciduous;2000;0.0410303462747936
south;1;pine;2001;2.43897409094241
south;1;spruce;2001;7.99317219351462
south;1;deciduous;2001;8.45057713311194
south;2;pine;2001;6.23102689285316
south;2;spruce;2001;7.29882455785914
south;2;deciduous;2001;6.11186117928442
south;4;pine;2001;11.2780684302102
south;4;spruce;2001;1.42756151047687
south;4;deciduous;2001;3.5116463570917
south;6;pine;2001;9.88194866064868
south;6;spruce;2001;0.127078602443119
south;6;deciduous;2001;0.836531054600048
south;7;pine;2001;4.56819892796619
south;7;spruce;2001;0
south;7;deciduous;2001;0.141222091772491
north;1;pine;2001;1.84980147096416
north;1;spruce;2001;3.47740901191271
north;1;deciduous;2001;10.0250594502342
north;2;pine;2001;5.46030147490328
north;2;spruce;2001;4.05141696967156
north;2;deciduous;2001;6.55896015408394
north;4;pine;2001;8.30197384509976
north;4;spruce;2001;0.927720807841443
north;4;deciduous;2001;2.50399560187084
north;6;pine;2001;6.39646211087205
north;6;spruce;2001;0.123024164748247
north;6;deciduous;2001;0.730266134947304
north;7;pine;2001;2.88613369251907
north;7;spruce;2001;0.0309358668342109
north;7;deciduous;2001;0.0205151731373968
south;1;pine;2002;2.52710932924051
south;1;spruce;2002;7.89620632895151
south;1;deciduous;2002;8.53561238366387
south;2;pine;2002;6.32659835114127
south;2;spruce;2002;7.31782419946954
south;2;deciduous;2002;6.09939095080207
south;4;pine;2002;11.4483560940674
south;4;spruce;2002;1.41903499242289
south;4;deciduous;2002;3.49508581356206
south;6;pine;2002;10.0816340325468
south;6;spruce;2002;0.13732970707515
south;6;deciduous;2002;0.852722473894438
south;7;pine;2002;4.63993202201689
south;7;spruce;2002;0
south;7;deciduous;2002;0.173922721734182
north;1;pine;2002;1.79693922191264
north;1;spruce;2002;3.59579695820771
north;1;deciduous;2002;10.172924255772
north;2;pine;2002;5.63540276774005
north;2;spruce;2002;4.1615635114851
north;2;deciduous;2002;6.632882972988
north;4;pine;2002;8.50720628853514
north;4;spruce;2002;0.956889822675823
north;4;deciduous;2002;2.53984644463465
north;6;pine;2002;6.50906996227553
north;6;spruce;2002;0.117411187330405
north;6;deciduous;2002;0.761047000763581
north;7;pine;2002;2.64117963362929
north;7;spruce;2002;0
north;7;deciduous;2002;0
south;1;pine;2003;2.6152445675386
south;1;spruce;2003;7.79924046438839
south;1;deciduous;2003;8.62064763421581
south;2;pine;2003;6.42216980942939
south;2;spruce;2003;7.33682384107993
south;2;deciduous;2003;6.08692072231972
south;4;pine;2003;11.6186437579247
south;4;spruce;2003;1.41050847436891
south;4;deciduous;2003;3.47852527003242
south;6;pine;2003;10.2813194044448
south;6;spruce;2003;0.147580811707181
south;6;deciduous;2003;0.868913893188827
south;7;pine;2003;4.71166511606759
south;7;spruce;2003;0
south;7;deciduous;2003;0.206623351695873
north;1;pine;2003;2.0246761812884
north;1;spruce;2003;3.66980746104856
north;1;deciduous;2003;9.99957338637675
north;2;pine;2003;5.67035795725725
north;2;spruce;2003;4.26149377160879
north;2;deciduous;2003;6.60682194629598
north;4;pine;2003;8.68134717856388
north;4;spruce;2003;0.996118713320727
north;4;deciduous;2003;2.54534059998876
north;6;pine;2003;6.79491207965999
north;6;spruce;2003;0.144432208168
north;6;deciduous;2003;0.788433797054347
north;7;pine;2003;2.92059029437261
north;7;spruce;2003;0.0182536327284001
north;7;deciduous;2003;0.101850286023539
south;1;pine;2004;2.7033798058367
south;1;spruce;2004;7.70227459982527
south;1;deciduous;2004;8.70568288476774
south;2;pine;2004;6.5177412677175
south;2;spruce;2004;7.35582348269033
south;2;deciduous;2004;6.07445049383737
south;4;pine;2004;11.7889314217819
south;4;spruce;2004;1.40198195631494
south;4;deciduous;2004;3.46196472650278
south;6;pine;2004;10.4810047763429
south;6;spruce;2004;0.157831916339212
south;6;deciduous;2004;0.885105312483217
south;7;pine;2004;4.78339821011829
south;7;spruce;2004;0
south;7;deciduous;2004;0.239323981657564
north;1;pine;2004;2.25241314066416
north;1;spruce;2004;3.74381796388941
north;1;deciduous;2004;9.82622251698149
north;2;pine;2004;5.70531314677444
north;2;spruce;2004;4.36142403173248
north;2;deciduous;2004;6.58076091960397
north;4;pine;2004;8.85548806859262
north;4;spruce;2004;1.03534760396563
north;4;deciduous;2004;2.55083475534287
north;6;pine;2004;7.08075419704445
north;6;spruce;2004;0.171453229005595
north;6;deciduous;2004;0.815820593345113
north;7;pine;2004;3.20000095511593
north;7;spruce;2004;0.0365072654568002
north;7;deciduous;2004;0.203700572047077
south;1;pine;2005;2.7915150441348
south;1;spruce;2005;7.60530873526216
south;1;deciduous;2005;8.79071813531968
south;2;pine;2005;6.61331272600562
south;2;spruce;2005;7.37482312430073
south;2;deciduous;2005;6.06198026535502
south;4;pine;2005;11.9592190856392
south;4;spruce;2005;1.39345543826096
south;4;deciduous;2005;3.44540418297314
south;6;pine;2005;10.680690148241
south;6;spruce;2005;0.168083020971243
south;6;deciduous;2005;0.901296731777607
south;7;pine;2005;4.85513130416899
south;7;spruce;2005;0
south;7;deciduous;2005;0.272024611619256
north;1;pine;2005;2.48015010003992
north;1;spruce;2005;3.81782846673026
north;1;deciduous;2005;9.65287164758622
north;2;pine;2005;5.74026833629163
north;2;spruce;2005;4.46135429185618
north;2;deciduous;2005;6.55469989291195
north;4;pine;2005;9.02962895862137
north;4;spruce;2005;1.07457649461054
north;4;deciduous;2005;2.55632891069698
north;6;pine;2005;7.36659631442892
north;6;spruce;2005;0.198474249843189
north;6;deciduous;2005;0.843207389635879
north;7;pine;2005;3.47941161585925
north;7;spruce;2005;0.0547608981852002
north;7;deciduous;2005;0.305550858070616
south;1;pine;2006;2.8796502824329
south;1;spruce;2006;7.50834287069904
south;1;deciduous;2006;8.87575338587162
south;2;pine;2006;6.70888418429373
south;2;spruce;2006;7.39382276591112
south;2;deciduous;2006;6.04951003687267
south;4;pine;2006;12.1295067494964
south;4;spruce;2006;1.38492892020698
south;4;deciduous;2006;3.4288436394435
south;6;pine;2006;10.880375520139
south;6;spruce;2006;0.178334125603273
south;6;deciduous;2006;0.917488151071996
south;7;pine;2006;4.92686439821969
south;7;spruce;2006;0
south;7;deciduous;2006;0.304725241580947
north;1;pine;2006;2.70788705941569
north;1;spruce;2006;3.89183896957111
north;1;deciduous;2006;9.47952077819096
north;2;pine;2006;5.77522352580882
north;2;spruce;2006;4.56128455197987
north;2;deciduous;2006;6.52863886621993
north;4;pine;2006;9.20376984865011
north;4;spruce;2006;1.11380538525544
north;4;deciduous;2006;2.56182306605109
north;6;pine;2006;7.65243843181338
north;6;spruce;2006;0.225495270680784
north;6;deciduous;2006;0.870594185926646
north;7;pine;2006;3.75882227660257
north;7;spruce;2006;0.0730145309136003
north;7;deciduous;2006;0.407401144094154
south;1;pine;2007;2.85982831657714
south;1;spruce;2007;7.63588954262956
south;1;deciduous;2007;8.81923368008764
south;2;pine;2007;6.68411553634726
south;2;spruce;2007;7.48891676041999
south;2;deciduous;2007;6.04322521901027
south;4;pine;2007;12.2756752898511
south;4;spruce;2007;1.45657278244922
south;4;deciduous;2007;3.414182386314
south;6;pine;2007;11.0140652877503
south;6;spruce;2007;0.17706922791821
south;6;deciduous;2007;0.920187169067924
south;7;pine;2007;5.27162509835703
south;7;spruce;2007;0.00336837226453975
south;7;deciduous;2007;0.321516995698433
north;1;pine;2007;2.93562401879145
north;1;spruce;2007;3.96584947241196
north;1;deciduous;2007;9.30616990879569
north;2;pine;2007;5.81017871532602
north;2;spruce;2007;4.66121481210357
north;2;deciduous;2007;6.50257783952791
north;4;pine;2007;9.27585298681008
north;4;spruce;2007;1.14648889852447
north;4;deciduous;2007;2.61922943631444
north;6;pine;2007;7.82719937242502
north;6;spruce;2007;0.225582193569285
north;6;deciduous;2007;0.875127082064141
north;7;pine;2007;4.03823293734589
north;7;spruce;2007;0.0912681636420004
north;7;deciduous;2007;0.509251430117693
south;1;pine;2008;2.84000635072138
south;1;spruce;2008;7.76343621456007
south;1;deciduous;2008;8.76271397430367
south;2;pine;2008;6.65934688840078
south;2;spruce;2008;7.58401075492885
south;2;deciduous;2008;6.03694040114787
south;4;pine;2008;12.4218438302057
south;4;spruce;2008;1.52821664469146
south;4;deciduous;2008;3.39952113318449
south;6;pine;2008;11.1477550553616
south;6;spruce;2008;0.175804330233146
south;6;deciduous;2008;0.922886187063852
south;7;pine;2008;5.61638579849438
south;7;spruce;2008;0.0067367445290795
south;7;deciduous;2008;0.33830874981592
north;1;pine;2008;2.86901283994299
north;1;spruce;2008;4.10786140597049
north;1;deciduous;2008;9.47248558546307
north;2;pine;2008;5.75240015993838
north;2;spruce;2008;4.90047321404228
north;2;deciduous;2008;6.50380906229147
north;4;pine;2008;9.34793612497005
north;4;spruce;2008;1.17917241179349
north;4;deciduous;2008;2.67663580657779
north;6;pine;2008;8.00196031303665
north;6;spruce;2008;0.225669116457786
north;6;deciduous;2008;0.879659978201636
north;7;pine;2008;4.23496753661322
north;7;spruce;2008;0.109159720829755
north;7;deciduous;2008;0.605711499535963
south;1;pine;2009;2.82018438486562
south;1;spruce;2009;7.89098288649059
south;1;deciduous;2009;8.7061942685197
south;2;pine;2009;6.63457824045431
south;2;spruce;2009;7.67910474943772
south;2;deciduous;2009;6.03065558328547
south;4;pine;2009;12.5680123705604
south;4;spruce;2009;1.5998605069337
south;4;deciduous;2009;3.38485988005498
south;6;pine;2009;11.2814448229729
south;6;spruce;2009;0.174539432548082
south;6;deciduous;2009;0.92558520505978
south;7;pine;2009;5.96114649863172
south;7;spruce;2009;0.0101051167936192
south;7;deciduous;2009;0.355100503933406
north;1;pine;2009;2.80240166109452
north;1;spruce;2009;4.24987333952903
north;1;deciduous;2009;9.63880126213044
north;2;pine;2009;5.69462160455074
north;2;spruce;2009;5.139731615981
north;2;deciduous;2009;6.50504028505503
north;4;pine;2009;9.42001926313002
north;4;spruce;2009;1.21185592506252
north;4;deciduous;2009;2.73404217684115
north;6;pine;2009;8.17672125364829
north;6;spruce;2009;0.225756039346287
north;6;deciduous;2009;0.884192874339131
north;7;pine;2009;4.43170213588055
north;7;spruce;2009;0.12705127801751
north;7;deciduous;2009;0.702171568954233
south;1;pine;2010;2.80036241900986
south;1;spruce;2010;8.0185295584211
south;1;deciduous;2010;8.64967456273573
south;2;pine;2010;6.60980959250783
south;2;spruce;2010;7.77419874394658
south;2;deciduous;2010;6.02437076542307
south;4;pine;2010;12.714180910915
south;4;spruce;2010;1.67150436917594
south;4;deciduous;2010;3.37019862692548
south;6;pine;2010;11.4151345905842
south;6;spruce;2010;0.173274534863018
south;6;deciduous;2010;0.928284223055708
south;7;pine;2010;6.30590719876906
south;7;spruce;2010;0.013473489058159
south;7;deciduous;2010;0.371892258050893
north;1;pine;2010;2.73579048224606
north;1;spruce;2010;4.39188527308757
north;1;deciduous;2010;9.80511693879782
north;2;pine;2010;5.6368430491631
north;2;spruce;2010;5.37899001791972
north;2;deciduous;2010;6.50627150781859
north;4;pine;2010;9.49210240129
north;4;spruce;2010;1.24453943833154
north;4;deciduous;2010;2.7914485471045
north;6;pine;2010;8.35148219425992
north;6;spruce;2010;0.225842962234788
north;6;deciduous;2010;0.888725770476626
north;7;pine;2010;4.62843673514788
north;7;spruce;2010;0.144942835205265
north;7;deciduous;2010;0.798631638372503
south;1;pine;2011;2.7805404531541
south;1;spruce;2011;8.14607623035162
south;1;deciduous;2011;8.59315485695176
south;2;pine;2011;6.58504094456135
south;2;spruce;2011;7.86929273845544
south;2;deciduous;2011;6.01808594756067
south;4;pine;2011;12.8603494512697
south;4;spruce;2011;1.74314823141818
south;4;deciduous;2011;3.35553737379597
south;6;pine;2011;11.5488243581955
south;6;spruce;2011;0.172009637177955
south;6;deciduous;2011;0.930983241051635
south;7;pine;2011;6.6506678989064
south;7;spruce;2011;0.0168418613226987
south;7;deciduous;2011;0.388684012168379
north;1;pine;2011;2.6691793033976
north;1;spruce;2011;4.53389720664611
north;1;deciduous;2011;9.97143261546519
north;2;pine;2011;5.57906449377547
north;2;spruce;2011;5.61824841985843
north;2;deciduous;2011;6.50750273058215
north;4;pine;2011;9.56418553944997
north;4;spruce;2011;1.27722295160057
north;4;deciduous;2011;2.84885491736786
north;6;pine;2011;8.52624313487156
north;6;spruce;2011;0.225929885123289
north;6;deciduous;2011;0.893258666614121
north;7;pine;2011;4.8251713344152
north;7;spruce;2011;0.16283439239302
north;7;deciduous;2011;0.895091707790773
south;1;pine;2012;2.78427764980433
south;1;spruce;2012;8.47794703220295
south;1;deciduous;2012;8.44345159118518
south;2;pine;2012;6.55016660490395
south;2;spruce;2012;7.98565055741781
south;2;deciduous;2012;5.94242166246078
south;4;pine;2012;12.8132997864761
south;4;spruce;2012;1.77870860204159
south;4;deciduous;2012;3.33931434504725
south;6;pine;2012;11.6666909066709
south;6;spruce;2012;0.180441112475462
south;6;deciduous;2012;0.922946736430565
south;7;pine;2012;6.64511803595193
south;7;spruce;2012;0.0208485184939998
south;7;deciduous;2012;0.403917759928789
north;1;pine;2012;2.63419624050976
north;1;spruce;2012;4.73786049258705
north;1;deciduous;2012;9.68235656630754
north;2;pine;2012;5.71596030384036
north;2;spruce;2012;5.78647235183937
north;2;deciduous;2012;6.57771714881575
north;4;pine;2012;9.65553624540503
north;4;spruce;2012;1.34230333427855
north;4;deciduous;2012;2.99756573426981
north;6;pine;2012;8.61910249506704
north;6;spruce;2012;0.260122915461658
north;6;deciduous;2012;0.911014060502434
north;7;pine;2012;4.91320083862478
north;7;spruce;2012;0.141557974589311
north;7;deciduous;2012;0.781583376026463
south;1;pine;2013;2.78801484645455
south;1;spruce;2013;8.80981783405429
south;1;deciduous;2013;8.2937483254186
south;2;pine;2013;6.51529226524655
south;2;spruce;2013;8.10200837638018
south;2;deciduous;2013;5.86675737736089
south;4;pine;2013;12.7662501216826
south;4;spruce;2013;1.814268972665
south;4;deciduous;2013;3.32309131629854
south;6;pine;2013;11.7845574551463
south;6;spruce;2013;0.18887258777297
south;6;deciduous;2013;0.914910231809495
south;7;pine;2013;6.63956817299745
south;7;spruce;2013;0.0248551756653009
south;7;deciduous;2013;0.419151507689198
north;1;pine;2013;2.59921317762193
north;1;spruce;2013;4.94182377852799
north;1;deciduous;2013;9.39328051714989
north;2;pine;2013;5.85285611390526
north;2;spruce;2013;5.95469628382031
north;2;deciduous;2013;6.64793156704935
north;4;pine;2013;9.74688695136009
north;4;spruce;2013;1.40738371695653
north;4;deciduous;2013;3.14627655117175
north;6;pine;2013;8.71196185526251
north;6;spruce;2013;0.294315945800027
north;6;deciduous;2013;0.928769454390748
north;7;pine;2013;5.00123034283435
north;7;spruce;2013;0.120281556785603
north;7;deciduous;2013;0.668075044262153
south;1;pine;2014;2.79175204310477
south;1;spruce;2014;9.14168863590562
south;1;deciduous;2014;8.14404505965202
south;2;pine;2014;6.48041792558914
south;2;spruce;2014;8.21836619534255
south;2;deciduous;2014;5.791093092261
south;4;pine;2014;12.719200456889
south;4;spruce;2014;1.84982934328841
south;4;deciduous;2014;3.30686828754982
south;6;pine;2014;11.9024240036217
south;6;spruce;2014;0.197304063070477
south;6;deciduous;2014;0.906873727188425
south;7;pine;2014;6.63401831004298
south;7;spruce;2014;0.028861832836602
south;7;deciduous;2014;0.434385255449608
north;1;pine;2014;2.56423011473409
north;1;spruce;2014;5.14578706446893
north;1;deciduous;2014;9.10420446799224
north;2;pine;2014;5.98975192397015
north;2;spruce;2014;6.12292021580125
north;2;deciduous;2014;6.71814598528294
north;4;pine;2014;9.83823765731515
north;4;spruce;2014;1.47246409963451
north;4;deciduous;2014;3.2949873680737
north;6;pine;2014;8.80482121545799
north;6;spruce;2014;0.328508976138395
north;6;deciduous;2014;0.946524848279061
north;7;pine;2014;5.08925984704392
north;7;spruce;2014;0.0990051389818946
north;7;deciduous;2014;0.554566712497842
south;1;pine;2015;2.795489239755
south;1;spruce;2015;9.47355943775696
south;1;deciduous;2015;7.99434179388543
south;2;pine;2015;6.44554358593174
south;2;spruce;2015;8.33472401430491
south;2;deciduous;2015;5.71542880716111
south;4;pine;2015;12.6721507920954
south;4;spruce;2015;1.88538971391182
south;4;deciduous;2015;3.29064525880111
south;6;pine;2015;12.020290552097
south;6;spruce;2015;0.205735538367985
south;6;deciduous;2015;0.898837222567355
south;7;pine;2015;6.6284684470885
south;7;spruce;2015;0.0328684900079032
south;7;deciduous;2015;0.449619003210017
north;1;pine;2015;2.52924705184625
north;1;spruce;2015;5.34975035040987
north;1;deciduous;2015;8.81512841883459
north;2;pine;2015;6.12664773403504
north;2;spruce;2015;6.29114414778219
north;2;deciduous;2015;6.78836040351654
north;4;pine;2015;9.92958836327021
north;4;spruce;2015;1.53754448231249
north;4;deciduous;2015;3.44369818497565
north;6;pine;2015;8.89768057565347
north;6;spruce;2015;0.362702006476764
north;6;deciduous;2015;0.964280242167375
north;7;pine;2015;5.17728935125349
north;7;spruce;2015;0.0777287211781862
north;7;deciduous;2015;0.441058380733532
south;1;pine;2016;2.79922643640522
south;1;spruce;2016;9.80543023960829
south;1;deciduous;2016;7.84463852811885
south;2;pine;2016;6.41066924627434
south;2;spruce;2016;8.45108183326728
south;2;deciduous;2016;5.63976452206122
south;4;pine;2016;12.6251011273019
south;4;spruce;2016;1.92095008453523
south;4;deciduous;2016;3.27442223005239
south;6;pine;2016;12.1381571005724
south;6;spruce;2016;0.214167013665493
south;6;deciduous;2016;0.890800717946285
south;7;pine;2016;6.62291858413403
south;7;spruce;2016;0.0368751471792043
south;7;deciduous;2016;0.464852750970427
north;1;pine;2016;2.49426398895841
north;1;spruce;2016;5.55371363635081
north;1;deciduous;2016;8.52605236967694
north;2;pine;2016;6.26354354409994
north;2;spruce;2016;6.45936807976313
north;2;deciduous;2016;6.85857482175014
north;4;pine;2016;10.0209390692253
north;4;spruce;2016;1.60262486499047
north;4;deciduous;2016;3.5924090018776
north;6;pine;2016;8.99053993584894
north;6;spruce;2016;0.396895036815133
north;6;deciduous;2016;0.982035636055688
north;7;pine;2016;5.26531885546306
north;7;spruce;2016;0.0564523033744779
north;7;deciduous;2016;0.327550048969222
south;1;pine;2017;2.8159455060826
south;1;spruce;2017;9.97608846333008
south;1;deciduous;2017;7.97578084602712
south;2;pine;2017;6.42463027048904
south;2;spruce;2017;8.39541761475511
south;2;deciduous;2017;5.51760096331562
south;4;pine;2017;12.5035920475267
south;4;spruce;2017;1.95576478931694
south;4;deciduous;2017;3.2761148889744
south;6;pine;2017;12.2045056147899
south;6;spruce;2017;0.202950272168336
south;6;deciduous;2017;0.874079354344037
south;7;pine;2017;6.84996837483711
south;7;spruce;2017;0.0276563603844032
south;7;deciduous;2017;0.363262743154129
north;1;pine;2017;2.73111797896588
north;1;spruce;2017;5.48900566606238
north;1;deciduous;2017;8.24542693838695
north;2;pine;2017;6.21546680932759
north;2;spruce;2017;6.27722446862948
north;2;deciduous;2017;6.73251268732778
north;4;pine;2017;10.0006333703204
north;4;spruce;2017;1.6662534713016
north;4;deciduous;2017;3.53400726289345
north;6;pine;2017;9.03158320174833
north;6;spruce;2017;0.405722109785605
north;6;deciduous;2017;0.962729986453069
north;7;pine;2017;5.36844909133133
north;7;spruce;2017;0.0423392275308584
north;7;deciduous;2017;0.365063183441997
south;1;pine;2018;2.83266457575999
south;1;spruce;2018;10.1467466870519
south;1;deciduous;2018;8.1069231639354
south;2;pine;2018;6.43859129470374
south;2;spruce;2018;8.33975339624294
south;2;deciduous;2018;5.39543740457001
south;4;pine;2018;12.3820829677515
south;4;spruce;2018;1.99057949409865
south;4;deciduous;2018;3.27780754789641
south;6;pine;2018;12.2708541290074
south;6;spruce;2018;0.191733530671179
south;6;deciduous;2018;0.857357990741789
south;7;pine;2018;7.07701816554019
south;7;spruce;2018;0.0184375735896021
south;7;deciduous;2018;0.261672735337832
north;1;pine;2018;2.96797196897336
north;1;spruce;2018;5.42429769577395
north;1;deciduous;2018;7.96480150709697
north;2;pine;2018;6.16739007455524
north;2;spruce;2018;6.09508085749583
north;2;deciduous;2018;6.60645055290541
north;4;pine;2018;9.98032767141552
north;4;spruce;2018;1.72988207761272
north;4;deciduous;2018;3.47560552390929
north;6;pine;2018;9.07262646764773
north;6;spruce;2018;0.414549182756076
north;6;deciduous;2018;0.94342433685045
north;7;pine;2018;5.4715793271996
north;7;spruce;2018;0.0282261516872389
north;7;deciduous;2018;0.402576317914772
south;1;pine;2019;2.84938364543737
south;1;spruce;2019;10.3174049107736
south;1;deciduous;2019;8.23806548184367
south;2;pine;2019;6.45255231891843
south;2;spruce;2019;8.28408917773077
south;2;deciduous;2019;5.2732738458244
south;4;pine;2019;12.2605738879763
south;4;spruce;2019;2.02539419888035
south;4;deciduous;2019;3.27950020681841
south;6;pine;2019;12.3372026432248
south;6;spruce;2019;0.180516789174022
south;6;deciduous;2019;0.840636627139541
south;7;pine;2019;7.30406795624327
south;7;spruce;2019;0.00921878679480106
south;7;deciduous;2019;0.160082727521534
north;1;pine;2019;3.20482595898083
north;1;spruce;2019;5.35958972548552
north;1;deciduous;2019;7.68417607580699
north;2;pine;2019;6.1193133397829
north;2;spruce;2019;5.91293724636218
north;2;deciduous;2019;6.48038841848305
north;4;pine;2019;9.96002197251065
north;4;spruce;2019;1.79351068392384
north;4;deciduous;2019;3.41720378492514
north;6;pine;2019;9.11366973354712
north;6;spruce;2019;0.423376255726547
north;6;deciduous;2019;0.924118687247831
north;7;pine;2019;5.57470956306787
north;7;spruce;2019;0.0141130758436195
north;7;deciduous;2019;0.440089452387548
south;1;pine;2020;2.86610271511475
south;1;spruce;2020;10.4880631344954
south;1;deciduous;2020;8.36920779975194
south;2;pine;2020;6.46651334313313
south;2;spruce;2020;8.22842495921859
south;2;deciduous;2020;5.15111028707879
south;4;pine;2020;12.1390648082012
south;4;spruce;2020;2.06020890366206
south;4;deciduous;2020;3.28119286574042
south;6;pine;2020;12.4035511574423
south;6;spruce;2020;0.169300047676865
south;6;deciduous;2020;0.823915263537293
south;7;pine;2020;7.53111774694635
south;7;spruce;2020;0
south;7;deciduous;2020;0.0584927197052371
north;1;pine;2020;3.4416799489883
north;1;spruce;2020;5.29488175519709
north;1;deciduous;2020;7.40355064451701
north;2;pine;2020;6.07123660501055
north;2;spruce;2020;5.73079363522853
north;2;deciduous;2020;6.35432628406068
north;4;pine;2020;9.93971627360578
north;4;spruce;2020;1.85713929023496
north;4;deciduous;2020;3.35880204594099
north;6;pine;2020;9.15471299944652
north;6;spruce;2020;0.432203328697019
north;6;deciduous;2020;0.904813037645211
north;7;pine;2020;5.67783979893614
north;7;spruce;2020;0
north;7;deciduous;2020;0.477602586860323
south;1;pine;2021;2.86610271511475
south;1;spruce;2021;10.4880631344954
south;1;deciduous;2021;8.36920779975194
south;2;pine;2021;6.46651334313313
south;2;spruce;2021;8.22842495921859
south;2;deciduous;2021;5.15111028707879
south;4;pine;2021;12.1390648082012
south;4;spruce;2021;2.06020890366206
south;4;deciduous;2021;3.28119286574042
south;6;pine;2021;12.4035511574423
south;6;spruce;2021;0.169300047676865
south;6;deciduous;2021;0.823915263537293
south;7;pine;2021;7.53111774694635
south;7;spruce;2021;0
south;7;deciduous;2021;0.0584927197052371
north;1;pine;2021;3.4416799489883
north;1;spruce;2021;5.29488175519709
north;1;deciduous;2021;7.40355064451701
north;2;pine;2021;6.07123660501055
north;2;spruce;2021;5.73079363522853
north;2;deciduous;2021;6.35432628406068
north;4;pine;2021;9.93971627360578
north;4;spruce;2021;1.85713929023496
north;4;deciduous;2021;3.35880204594099
north;6;pine;2021;9.15471299944652
north;6;spruce;2021;0.432203328697019
north;6;deciduous;2021;0.904813037645211
north;7;pine;2021;5.67783979893614
north;7;spruce;2021;0
north;7;deciduous;2021;0.477602586860323
south;1;pine;2022;2.86610271511475
south;1;spruce;2022;10.4880631344954
south;1;deciduous;2022;8.36920779975194
south;2;pine;2022;6.46651334313313
south;2;spruce;2022;8.22842495921859
south;2;deciduous;2022;5.15111028707879
south;4;pine;2022;12.1390648082012
south;4;spruce;2022;2.06020890366206
south;4;deciduous;2022;3.28119286574042
south;6;pine;2022;12.4035511574423
south;6;spruce;2022;0.169300047676865
south;6;deciduous;2022;0.823915263537293
south;7;pine;2022;7.53111774694635
south;7;spruce;2022;0
south;7;deciduous;2022;0.0584927197052371
north;1;pine;2022;3.4416799489883
north;1;spruce;2022;5.29488175519709
north;1;deciduous;2022;7.40355064451701
north;2;pine;2022;6.07123660501055
north;2;spruce;2022;5.73079363522853
north;2;deciduous;2022;6.35432628406068
north;4;pine;2022;9.93971627360578
north;4;spruce;2022;1.85713929023496
north;4;deciduous;2022;3.35880204594099
north;6;pine;2022;9.15471299944652
north;6;spruce;2022;0.432203328697019
north;6;deciduous;2022;0.904813037645211
north;7;pine;2022;5.67783979893614
north;7;spruce;2022;0
north;7;deciduous;2022;0.477602586860323
